{
  "control_curves": {
    "main": [
      [-1.37976719979, 0.0, -1.37976719979],
      [-1.37976719979, 0.0, -2.06965079968],
      [1.37976719979, 0.0, -2.06965079968],
      [1.37976719979, 0.0, -1.37976719979],
      [2.06965079968, 0.0, -1.37976719979],
      [2.06965079968, 0.0, 1.37976719979],
      [1.37976719979, 0.0, 1.37976719979],
      [1.37976719979, 0.0, 2.06965079968],
      [-1.37976719979, 0.0, 2.06965079968],
      [-1.37976719979, 0.0, 1.37976719979],
      [-2.06965079968, 0.0, 1.37976719979],
      [-2.06965079968, 0.0, -1.37976719979],
      [-1.37976719979, 0.0, -1.37976719979]
    ],
    "translate": [
      [-1.89599321071, 0.0, 0.0],
      [-1.0533295615, 0.0, -0.842663649204],
      [-1.0533295615, 0.0, -0.631997736903],
      [-0.631997736903, 0.0, -0.631997736903],
      [-0.631997736903, 0.0, -1.0533295615],
      [-0.842663649204, 0.0, -1.0533295615],
      [0.0, 0.0, -1.89599321071],
      [0.842663649204, 0.0, -1.0533295615],
      [0.631997736903, 0.0, -1.0533295615],
      [0.631997736903, 0.0, -0.631997736903],
      [1.0533295615, 0.0, -0.631997736903],
      [1.0533295615, 0.0, -0.842663649204],
      [1.89599321071, 0.0, 0.0],
      [1.0533295615, 0.0, 0.842663649204],
      [1.0533295615, 0.0, 0.631997736903],
      [0.631997736903, 0.0, 0.631997736903],
      [0.631997736903, 0.0, 1.0533295615],
      [0.842663649204, 0.0, 1.0533295615],
      [0.0, 0.0, 1.89599321071],
      [-0.842663649204, 0.0, 1.0533295615],
      [-0.631997736903, 0.0, 1.0533295615],
      [-0.631997736903, 0.0, 0.631997736903],
      [-1.0533295615, 0.0, 0.631997736903],
      [-1.0533295615, 0.0, 0.842663649204],
      [-1.89599321071, 0.0, 0.0]
    ],
    "rotate": [
      [0.683656244703, 0.683656244703, 0.191720591379],
      [5.92016265484e-17, 0.96683593326, 0.191720591379],
      [-0.683656244703, 0.683656244703, 0.191720591379],
      [-0.96683593326, 6.22176449499e-17, 0.191720591379],
      [-0.683656244703, -0.683656244703, 0.191720591379],
      [-9.6848616684e-17, -0.96683593326, 0.191720591379],
      [0.683656244703, -0.683656244703, 0.191720591379],
      [0.96683593326, -1.19750375411e-16, 0.191720591379],
      [0.683656244703, 0.683656244703, 0.191720591379],
      [5.92016265484e-17, 0.96683593326, 0.191720591379],
      [-0.683656244703, 0.683656244703, 0.191720591379]
    ],
    "shake": [
      [0.0, 1.20225929746, 0.0],
      [0.0, 1.1859299208, 0.0820937315541],
      [0.0, 1.13942745148, 0.151689654983],
      [0.0, 1.06983152805, 0.198192124312],
      [0.0, 0.987737796492, 0.214521500966],
      [0.0, 0.905644064938, 0.198192124312],
      [0.0, 0.836048141509, 0.151689654983],
      [0.0, 0.78954567218, 0.0820937315541],
      [0.0, 0.773216295527, 0.0],
      [0.0, 0.78954567218, -0.0820937315541],
      [0.0, 0.836048141509, -0.151689654983],
      [0.0, 0.905644064938, -0.198192124312],
      [0.0, 0.987737796492, -0.214521500966],
      [0.0, 1.06983152805, -0.198192124312],
      [0.0, 1.13942745148, -0.151689654983],
      [0.0, 1.1859299208, -0.0820937315541],
      [0.0, 1.20225929746, 0.0],
      [0.0820937315541, 1.1859299208, 0.0],
      [0.151689654983, 1.13942745148, 0.0],
      [0.198192124312, 1.06983152805, 0.0],
      [0.214521500966, 0.987737796492, 0.0],
      [0.198192124312, 0.905644064938, 0.0],
      [0.151689654983, 0.836048141509, 0.0],
      [0.0820937315541, 0.78954567218, 0.0],
      [0.0, 0.773216295527, 0.0],
      [-0.0820937315541, 0.78954567218, 0.0],
      [-0.151689654983, 0.836048141509, 0.0],
      [-0.198192124312, 0.905644064938, 0.0],
      [-0.214521500966, 0.987737796492, 0.0],
      [-0.198192124312, 1.06983152805, 0.0],
      [-0.151689654983, 1.13942745148, 0.0],
      [-0.0820937315541, 1.1859299208, 0.0],
      [0.0, 1.20225929746, 0.0],
      [0.0, 1.1859299208, -0.0820937315541],
      [0.0, 1.13942745148, -0.151689654983],
      [0.0, 1.06983152805, -0.198192124312],
      [0.0, 0.987737796492, -0.214521500966],
      [-0.0820937315541, 0.987737796492, -0.198192124312],
      [-0.151689654983, 0.987737796492, -0.151689654983],
      [-0.198192124312, 0.987737796492, -0.0820937315541],
      [-0.214521500966, 0.987737796492, 0.0],
      [-0.198192124312, 0.987737796492, 0.0820937315541],
      [-0.151689654983, 0.987737796492, 0.151689654983],
      [-0.0820937315541, 0.987737796492, 0.198192124312],
      [0.0, 0.987737796492, 0.214521500966],
      [0.0820937315541, 0.987737796492, 0.198192124312],
      [0.151689654983, 0.987737796492, 0.151689654983],
      [0.198192124312, 0.987737796492, 0.0820937315541],
      [0.214521500966, 0.987737796492, 0.0],
      [0.198192124312, 0.987737796492, -0.0820937315541],
      [0.151689654983, 0.987737796492, -0.151689654983],
      [0.0820937315541, 0.987737796492, -0.198192124312],
      [0.0, 0.987737796492, -0.214521500966]
    ]
  }
}
